"PLEASE DO NOT SORT THE FIELD MAP, IT WILL BREAK THE SCRIPTS",,,,,,Still Version 1.1.2_01 until further notice!
Game,,,Server,,,Changed
Class,Field,Name,Class,Field,Name,Name,Notes
*,*,*,dd,a,field_972_a,loginPacket,The login packet to be verified.
*,*,*,dd,b,field_971_b,loginHandler,The login handler that spawned this thread.
*,*,*,eb,a,field_953_a,server,The instance of MinecraftServer.
*,*,*,ew,a,field_9_a,logger,The Minecraft logger.
*,*,*,ew,b,field_8_b,networkManager,The underlying network manager for this login handler.
*,*,*,ew,c,field_7_c,isFinishedProcessing,Returns if the login handler is finished and can be removed. It is set to true on either error or successful login.
*,*,*,ew,d,field_6_d,rand,The Random object used to generate serverId hex strings.
*,*,*,ew,e,field_5_e,server,The instance of MinecraftServer.
*,*,*,ew,f,field_4_f,loginCounter,"Used as a timeout counter, when it reaches 100 the user is kicked for taking too long to log in."
*,*,*,ew,g,field_3_g,username,The username for this login.
*,*,*,ew,h,field_2_h,loginPacket,The current login packet.
*,*,*,ew,i,field_1_i,serverId,The hex string that corresponds to the random number generated as a server ID. Used in online mode.
*,*,*,id,a,field_20_a,logHandler,The logging system.
*,*,*,id,b,field_19_b,networkManager,The underlying network manager for this server handler.
*,*,*,id,d,field_17_d,mcServer,Reference to the main classe.
*,*,*,hm,a,field_828_a,networkManager,"This was actually an inner class of NetworkManager, so this field is the reference to ""this"" NetworkManager."
*,*,*,net/minecraft/server/MinecraftServer,l,field_26_l,isOnlineMode,True if the server is in online mode.
*,*,*,net/minecraft/server/MinecraftServer,e,field_33_e,worldMngr,The server world manager.
*,*,*,net/minecraft/server/MinecraftServer,a,field_37_a,logHandler,The logging system.
a,a,field_1718_a,a,a,field_1016_a,x,The x coordinate of this point
a,b,field_1717_b,a,b,field_1015_b,y,The y coordinate of this point
a,c,field_1716_c,a,c,field_1014_c,z,The z coordinate of this point
a,d,field_1715_d,a,d,field_1013_d,hash,A hash of the coordinates used to identify this point
a,e,field_1714_e,a,e,field_1012_e,index,The index of this point in its assigned path
a,f,field_1713_f,a,f,field_1011_f,totalPathDistance,The distance along the path to this point
a,g,field_1712_g,a,g,field_1010_g,distanceToNext,The linear distance to the next point
a,h,field_1711_h,a,h,field_1009_h,distanceToTarget,The distance to the target
a,i,field_1710_i,a,i,field_1008_i,previous,The point preceding this in its assigned path
a,j,field_1709_j,a,j,field_1007_j,isFirst,Indicates this is the origin
aa,i,field_1151_i,*,*,*,mc,A reference to the Minecraft object.
ad,d,field_1790_d,*,*,*,worldObj,Reference to the World object.
ad,e,field_1789_e,*,*,*,dataFolder,The data folder.
ah,a,field_1781_a,*,*,*,soundName
ah,b,field_1780_b,*,*,*,soundUrl
aj,a,field_1776_a,aw,a,field_1055_a,x,X coordinate of Vec3D
aj,b,field_1775_b,aw,b,field_1054_b,y,Y coordinate of Vec3D
aj,c,field_1779_c,aw,c,field_1058_c,z,Z coordinate of Vec3D
aj,d,field_1778_d,aw,d,field_1057_d,vectorList,ArrayList of all created vectors
aj,e,field_1777_e,aw,e,field_1056_e,nextVector,"Next empty index in the vectorList. We don't ever seem to remove vectors from the list, however."
al,a,field_467_a,ax,a,field_664_a,triggerMobType,The mob type that can trigger this pressure plate. 
am,a,field_761_a,ay,a,field_399_a,unusedBoolean,Currently unused.
an,c,field_1125_c,*,*,*,craftMatrix,The craft matrix inventory linked to this result slot.
ar,c,field_1618_c,*,*,*,unusedList,Currently unused in the code.
as,a,field_997_a,*,*,*,message1,Unused class. Would contain a message drawn to the center of the screen.
as,h,field_998_h,*,*,*,message2,Unused class. Would contain a message drawn to the center of the screen.
ay,a,field_994_a,*,*,*,screenTitle,The title string that is displayed in the top-center of the screen.
ay,h,field_996_h,*,*,*,parentScreen,A reference to the screen object that created this. Used for navigating between screens.
ay,i,field_995_i,*,*,*,options,Reference to the GameSettings object.
az,a,field_1683_a,bl,a,field_770_a,maxSpawns,Maximum number of animals/mobs spawned
az,b,field_1682_b,bl,b,field_769_b,spawnBaseClass,Base class of spawn types
az,c,field_1685_c,bl,c,field_772_c,spawnSubclasses,Array of possible subclass spawn types
az,d,field_1684_d,bl,d,field_771_d,nearbyChunkSet,Set of chunk coordinate integer pairs near to players in which creatures will spawn.
bd,a,field_829_a,bs,e,field_493_e,delay,The stored delay before a new spawn.
bd,b,field_828_b,bs,f,field_492_f,entityID,"The string ID of the mobs being spawned from this spawner. Defaults to pig, apparently."
bf,a,field_1768_a,*,*,*,resourcesFolder,The folder to store the resources in.
bf,b,field_1767_b,*,*,*,mc,A reference to the Minecraft object.
bf,c,field_1769_c,*,*,*,closing,Set to true when Minecraft is closing down.
bh,b,field_945_b,*,*,*,mc,Reference to the Minecraft object.
bh,c,field_951_c,*,*,*,width,The width of the screen object.
bh,d,field_950_d,*,*,*,height,The height of the screen object.
bh,e,field_949_e,*,*,*,controlList,A list of all the controls added to this container.
bl,a,field_1765_a,cd,a,field_1005_a,pathLength,The total length of the path
bl,b,field_1764_b,cd,b,field_1004_b,points, The actual points in the path
bl,c,field_1766_c,cd,c,field_1006_c,pathIndex,The index of the current point in the path
bm,a,field_581_a,ce,a,field_137_a,collectedEntityId,The entity on the ground that was picked up.
bm,b,field_580_b,ce,b,field_136_b,collectorEntityId,The entity that picked up the one from the ground.
bn,a,field_1763_a,*,*,*,worldObj,Reference to the World object.
bo,a,field_760_a,cj,a,field_398_a,sheared,"Set to true if this sheep has been sheared, false otherwise."
bq,a,field_1729_a,*,*,*,worldObj,Reference to the World object.
bq,d,field_1730_d,*,*,*,rand,RNG.
bv,a,field_1724_a,*,*,*,resultId,Item id of the recipe result
bv,b,field_1723_b,*,*,*,width,Width in number of items
bv,c,field_1727_c,*,*,*,height,Height in number of items
bv,d,field_1726_d,*,*,*,ingredientMap,Map of ingredient ids
bv,e,field_1725_e,*,*,*,resultStack,The resulting stack this recipe produces
bw,d,field_199_d,*,*,*,rand,RNG.
by,a,field_1720_a,cy,a,field_982_a,Sky
by,b,field_1719_b,cy,b,field_981_b,Block
bz,a,field_573_a,cz,a,field_106_a,xPosition,Block X position.
bz,b,field_572_b,cz,b,field_105_b,yPosition,Block Y position.
bz,c,field_579_c,cz,c,field_112_c,zPosition,Block Z position.
bz,d,field_578_d,cz,d,field_111_d,xSize,The X size of the chunk.
bz,e,field_577_e,cz,e,field_110_e,ySize,The Y size of the chunk.
bz,f,field_576_f,cz,f,field_109_f,zSize,The Z size of the chunk.
bz,g,field_575_g,cz,g,field_108_g,chunk,"The chunk data, compressed using ZLib deflate."
bz,h,field_574_h,cz,h,field_107_h,chunkSize,The size of the compressed data.
cc,a,field_1706_a,*,*,*,image,The image data.
ci,d,field_1061_d,ds,d,field_824_d,worldObj,Reference to the World object.
cj,a,field_992_a,*,*,*,errorMessage,The error message.
cj,h,field_993_h,*,*,*,errorDetail,The details about the error.
ck,b,field_898_b,*,*,*,chunks,An array of 256 chunks.
ck,c,field_901_c,*,*,*,worldObj,Reference to the World object.
cn,c,field_1048_c,dy,c,field_813_c,worldTime,Minecraft time
cn,d,field_1047_d,dy,d,field_812_d,snowCovered,Is true if world is a snow world
cn,I,field_1016_I,dy,H,field_782_H,nbtCompoundPlayer,Reference to the player object as NBT compound
cn,k,field_1040_k,dy,k,field_805_k,playerEntities,Array list of players in the world.
cn,n,field_1037_n,dy,n,field_802_n,rand,RNG for world.
cn,o,field_1036_o,dy,n,field_802_n,spawnX,Spawn point X coordinate
cn,p,field_1035_p,dy,o,field_801_o,spawnY,Spawn point Y coordinate
cn,q,field_1034_q,dy,p,field_800_p,spawnZ,Spawn point Z coordinate
cn,u,field_1030_u,dy,t,field_796_t,randomSeed,Random seed for world generator
cn,v,field_1029_v,dy,u,field_795_u,sizeOnDisk,Size of the world on the harddisk
cn,y,field_1026_y,dy,x,field_792_x,multiplayerWorld,"Set to true if this is a multiplayer world, false otherwise."
cx,a,field_988_a,*,*,*,logoBlockLayers,The asterisks spell out the word MINECRAFT. Each entry in the array is one block layer of the logo.
cx,h,field_991_h,*,*,*,rand,RNG to pick the splash string.
cx,i,field_990_i,*,*,*,logoEffects
cx,j,field_989_j,*,*,*,updateCounter,Counts the number of screen updates.
cx,l,field_987_l,*,*,*,splashString,The random string that appears on the menu screen.
cz,a,field_1674_a,ep,a,field_941_a,worldMap,Used to find obstacles 
cz,b,field_1673_b,ep,b,field_940_b,path,The path being generated
cz,c,field_1676_c,ep,c,field_943_c,pointMap,The points in the path
cz,d,field_1675_d,ep,d,field_942_d,pathOptions,Selection of path points to add to the path
db,a,field_1672_a,*,*,*,logo,BufferedImage object containing the Majong logo.
de,a,field_985_a,*,*,*,message,The chat message.
de,h,field_986_h,*,*,*,updateCounter,Counts the number of screen updates. Used to make the caret flash.
df,a,field_1671_a,*,*,*,displayLists,An ArrayList that stores the first index and the length of each display list.
df,b,field_1670_b,*,*,*,textureNames,An ArrayList that stores all the generated texture names.
dg,a,field_983_a,*,*,*,netHandler,Network object that downloads the terrain data.
dg,h,field_984_h,*,*,*,updateCounter,Counts the number of screen updates.
di,A,field_268_A,ez,A,field_211_A,axeDiamond
di,aa,field_286_aa,ez,aa,field_229_aa,bootsChain
di,aA,field_309_aA,ez,aA,field_252_aA,redstone
di,ab,field_285_ab,ez,ab,field_228_ab,helmetSteel
di,aB,field_308_aB,ez,aB,field_251_aB,snowball
di,ac,field_284_ac,ez,ac,field_227_ac,plateSteel
di,aC,field_307_aC,ez,aC,field_250_aC,boat
di,ad,field_283_ad,ez,ad,field_226_ad,legsSteel
di,aD,field_306_aD,ez,aD,field_249_aD,leather
di,ae,field_282_ae,ez,ae,field_225_ae,bootsSteel
di,aE,field_305_aE,ez,aE,field_248_aE,bucketMilk
di,af,field_281_af,ez,af,field_224_af,helmetDiamond
di,aF,field_304_aF,ez,aF,field_247_aF,brick
di,ag,field_280_ag,ez,ag,field_223_ag,plateDiamond
di,aG,field_303_aG,ez,aG,field_246_aG,clay
di,ah,field_279_ah,ez,ah,field_222_ah,legsDiamond
di,aH,field_302_aH,ez,aH,field_245_aH,reed
di,ai,field_278_ai,ez,ai,field_221_ai,bootsDiamond
di,aI,field_301_aI,ez,aI,field_244_aI,paper
di,aj,field_277_aj,ez,aj,field_220_aj,helmetGold
di,aJ,field_300_aJ,ez,aJ,field_243_aJ,book
di,ak,field_276_ak,ez,ak,field_219_ak,plateGold
di,aK,field_299_aK,ez,aK,field_242_aK,slimeBall
di,al,field_275_al,ez,al,field_218_al,legsGold
di,aL,field_298_aL,ez,aL,field_241_aL,minecartBox
di,am,field_274_am,ez,am,field_217_am,bootsGold
di,aM,field_297_aM,ez,aM,field_240_aM,minecartEngine
di,an,field_273_an,ez,an,field_216_an,flint
di,aN,field_296_aN,ez,aN,field_239_aN,egg
di,ao,field_272_ao,ez,ao,field_215_ao,porkRaw
di,aO,field_295_aO,ez,aO,field_238_aO,compass
di,ap,field_271_ap,ez,ap,field_214_ap,porkCooked
di,aP,field_294_aP,ez,aP,field_237_aP,fishingRod
di,aq,field_270_aq,ez,aq,field_213_aq,painting
di,aQ,field_293_aQ,ez,aQ,field_236_aQ,record13
di,ar,field_269_ar,ez,ar,field_212_ar,appleGold
di,aR,field_292_aR,ez,aR,field_235_aR,recordCat
di,as,field_267_as,ez,as,field_210_as,sign
di,aS,field_291_aS,ez,aS,field_234_aS,swiftedIndex,Item index + 256
di,aT,field_290_aT,ez,aT,field_233_aT,maxStackSize,Maximum size of the stack.
di,at,field_265_at,ez,at,field_208_at,doorWood
di,au,field_262_au,ez,au,field_205_au,bucketEmpty
di,aU,field_289_aU,ez,aU,field_232_aU,maxDamage,Maximum damage an item can handle.
di,aV,field_288_aV,ez,aV,field_231_aV,iconIndex,Icon index in the icons table.
di,av,field_260_av,ez,av,field_203_av,bucketWater
di,aw,field_258_aw,ez,aw,field_201_aw,bucketLava
di,aW,field_287_aW,ez,aW,field_230_aW,bFull3D,"If true, render the object in full 3D, like weapons and tools."
di,ax,field_256_ax,ez,ax,field_199_ax,minecartEmpty
di,ay,field_254_ay,ez,ay,field_197_ay,saddle
di,az,field_252_az,ez,az,field_195_az,doorSteel
di,b,field_234_b,ez,b,field_177_b,rand,Random
di,B,field_266_B,ez,B,field_209_B,stick
di,c,field_233_c,ez,c,field_176_c,itemsList,A 32000 elements di array.
di,C,field_264_C,ez,C,field_207_C,bowlEmpty
di,d,field_232_d,ez,d,field_175_d,shovel
di,D,field_263_D,ez,D,field_206_D,bowlSoup
di,e,field_231_e,ez,e,field_174_e,pickaxeSteel
di,E,field_261_E,ez,E,field_204_E,swordGold
di,f,field_230_f,ez,f,field_173_f,axeSteel
di,F,field_259_F,ez,F,field_202_F,shovelGold
di,g,field_229_g,ez,g,field_172_g,striker
di,G,field_257_G,ez,G,field_200_G,pickaxeGold
di,h,field_228_h,ez,h,field_171_h,appleRed
di,H,field_255_H,ez,H,field_198_H,axeGold
di,i,field_227_i,ez,i,field_170_i,bow
di,I,field_253_I,ez,I,field_196_I,silk
di,j,field_226_j,ez,j,field_169_j,arrow
di,J,field_251_J,ez,J,field_194_J,feather
di,k,field_225_k,ez,k,field_168_k,coal
di,K,field_250_K,ez,K,field_193_K,gunpowder
di,l,field_224_l,ez,l,field_167_l,diamond
di,L,field_249_L,ez,L,field_192_L,hoeWood
di,m,field_223_m,ez,m,field_166_m,ingotIron
di,M,field_248_M,ez,M,field_191_M,hoeStone
di,n,field_222_n,ez,n,field_165_n,ingotGold
di,N,field_247_N,ez,N,field_190_N,hoeSteel
di,o,field_221_o,ez,o,field_164_o,swordSteel
di,O,field_246_O,ez,O,field_189_O,hoeDiamond
di,p,field_220_p,ez,p,field_163_p,swordWood
di,P,field_245_P,ez,P,field_188_P,hoeGold
di,q,field_219_q,ez,q,field_162_q,shovelWood
di,Q,field_244_Q,ez,Q,field_187_Q,seeds
di,r,field_218_r,ez,r,field_161_r,pickaxeWood
di,R,field_243_R,ez,R,field_186_R,wheat
di,s,field_217_s,ez,s,field_160_s,axeWood
di,S,field_242_S,ez,S,field_185_S,bread
di,t,field_216_t,ez,t,field_159_t,swordStone
di,T,field_241_T,ez,T,field_184_T,helmetLeather
di,u,field_215_u,ez,u,field_158_u,shovelStone
di,U,field_240_U,ez,U,field_183_U,plateLeather
di,v,field_214_v,ez,v,field_157_v,pickaxeStone
di,V,field_239_V,ez,V,field_182_V,legsLeather
di,w,field_213_w,ez,w,field_156_w,axeStone
di,W,field_238_W,ez,W,field_181_W,bootsLeather
di,x,field_212_x,ez,x,field_155_x,swordDiamond
di,X,field_237_X,ez,X,field_180_X,helmetChain
di,y,field_211_y,ez,y,field_154_y,shovelDiamond
di,Y,field_236_Y,ez,Y,field_179_Y,plateChain
di,z,field_210_z,ez,z,field_153_z,pickaxeDiamond
di,Z,field_235_Z,ez,Z,field_178_Z,legsChain
dk,a,field_1119_a,*,*,*,slotIndex,The index of the slot in the inventory.
dk,b,field_1118_b,*,*,*,inventory,The inventory we want to extract a slot from.
do,a,field_566_a,fe,a,field_78_a,id,The block or item to be placed.
do,b,field_565_b,fe,b,field_77_b,xPosition,Block X position.
do,c,field_569_c,fe,c,field_81_c,yPosition,Block Y position.
do,d,field_568_d,fe,d,field_80_d,zPosition,Block Z position.
do,e,field_567_e,fe,e,field_79_e,direction,The offset to use for block/item placement.
du,a,field_564_a,fl,a,field_76_a,time,The world time in minutes.
dw,a,field_1663_a,*,*,*,instance,The static instance of this class
dw,b,field_1662_b,*,*,*,recipes,A list of all the recipes added
dx,a,field_801_a,fn,a,field_429_a,item,The item stack of this EntityItem.
dx,b,field_800_b,fn,b,field_428_b,age,The age of this EntityItem (used to animate it up and down as well as expire it)
dx,f,field_802_f,fn,ag,field_430_ag,health,"The health of this EntityItem. (For example, damage for tools)"
dy,a,field_1096_a,fp,a,field_733_a,byteArray,The byte array stored in the tag.
dz,a,field_563_a,fv,a,field_75_a,unused,"Unused when sent from a client, can be any random value."
dz,b,field_562_b,fv,b,field_74_b,id,The block/item id to be equipped.
e,k,field_1448_k,*,*,*,worldObj,A reference to the World object.
e,t,field_1439_t,*,*,*,mc,A reference to the Minecraft object.
ee,a,field_971_a,*,*,*,xSize,The X size of the inventory window in pixels.
ee,h,field_974_h,*,*,*,ySize,The Y size of the inventory window in pixels.
ee,i,field_973_i,*,*,*,inventorySlots,A list of the players inventory slots.
ee,j,field_972_j,*,*,*,itemRenderer,"Stacks renderer. Icons, stack size, health, etc..."
eh,a,field_561_a,gf,a,field_73_a,xPosition,The player's X position.
eh,b,field_560_b,gf,b,field_72_b,yPosition,The player's Y position.
eh,c,field_559_c,gf,c,field_71_c,zPosition,The player's Z position.
eh,d,field_558_d,gf,d,field_70_d,stance,The player's stance.
eh,e,field_557_e,gf,e,field_69_e,yaw,The player's yaw rotation.
eh,f,field_556_f,gf,f,field_68_f,pitch,The player's pitch rotation.
eh,g,field_555_g,gf,g,field_67_g,onGround,True if the client is on the ground.
eh,h,field_554_h,gf,h,field_66_h,moving,Boolean set to true if the player is moving.
eh,i,field_553_i,gf,i,field_65_i,rotating,Boolean set to true if the player is rotating.
ej,c,field_880_c,gi,c,field_758_c,worldObj,Reference to the World object.
el,a,field_1087_a,gg,a,field_731_a,key,The UTF string key used to lookup values.
er,a,field_1652_a,gk,a,field_885_a,Kebab,Art enums (first letter capitalized here)
er,b,field_1651_b,gk,b,field_884_b,Aztec,Art enums (first letter capitalized here)
er,c,field_1650_c,gk,c,field_883_c,Alban,Art enums (first letter capitalized here)
er,d,field_1649_d,gk,d,field_882_d,Aztec2,Art enums (first letter capitalized here)
er,e,field_1648_e,gk,e,field_881_e,Bomb,Art enums (first letter capitalized here)
er,f,field_1647_f,gk,f,field_880_f,Plant,Art enums (first letter capitalized here)
er,g,field_1646_g,gk,g,field_879_g,Wasteland,Art enums (first letter capitalized here)
er,h,field_1645_h,gk,h,field_878_h,Pool,Art enums (first letter capitalized here)
er,i,field_1644_i,gk,i,field_877_i,Courbet,Art enums (first letter capitalized here)
er,j,field_1643_j,gk,j,field_876_j,Sea,Art enums (first letter capitalized here)
er,k,field_1642_k,gk,k,field_875_k,Sunset,Art enums (first letter capitalized here)
er,l,field_1641_l,gk,l,field_874_l,Creebet,Art enums (first letter capitalized here)
er,m,field_1640_m,gk,m,field_873_m,Wanderer,Art enums (first letter capitalized here)
er,n,field_1639_n,gk,n,field_872_n,Graham,Art enums (first letter capitalized here)
er,o,field_1638_o,gk,o,field_871_o,Match,Art enums (first letter capitalized here)
er,p,field_1637_p,gk,p,field_870_p,Bust,Art enums (first letter capitalized here)
er,q,field_1635_q,gk,q,field_868_q,Stage,Art enums (first letter capitalized here)
er,r,field_1633_r,gk,r,field_866_r,Void,Art enums (first letter capitalized here)
er,s,field_1631_s,gk,s,field_864_s,SkullAndRoses,Art enums (first letter capitalized here)
er,t,field_1629_t,gk,t,field_862_t,Fighters,Art enums (first letter capitalized here)
er,u,field_1628_u,gk,u,field_861_u,PigScene,Art enums (first letter capitalized here)
er,v,field_1627_v,gk,v,field_860_v,Pointer,Art enums (first letter capitalized here)
er,w,field_1626_w,gk,w,field_859_w,Skeleton,Art enums (first letter capitalized here)
er,x,field_1625_x,gk,x,field_858_x,DonkeyKong,Art enums (first letter capitalized here)
et,a,field_1622_a,*,*,*,craftMatrix,The crafting matrix inventory (3x3).
et,b,field_1621_b,*,*,*,craftResult,"The crafting result, size 1."
eu,a,field_843_a,gm,a,field_496_a,mainInventory,An array of 37 item stacks (but only filled with 36?) indicating the main player inventory (including the visible bar).
eu,b,field_842_b,gm,b,field_495_b,armorInventory,An array of 4 item stacks containing the currently worn armor pieces.
eu,c,field_848_c,gm,c,field_500_c,craftingInventory,An array of 4 item stacks containing the items in the crafting area of the player inventory.
eu,d,field_847_d,gm,d,field_499_d,currentItem,The index of the currently held item (0-8).
eu,g,field_844_g,gm,f,field_497_f,player,The player whose inventory this is.
ev,a,field_1615_a,gp,a,field_853_a,stackSize,Size of the stack.
ev,b,field_1614_b,gp,b,field_852_b,animationsToGo,"Number of animation frames to go when receiving an item (by walking into it, for example)."
ev,c,field_1617_c,gp,c,field_855_c,itemID,ID of the item.
ev,d,field_1616_d,gp,d,field_854_d,itemDamage,Damage dealt to the item or number of use. Raise when using items.
ey,b,field_1608_b,*,*,*,textureMap
ey,e,field_1605_e,*,*,*,imageData,Stores the image data for the texture.
ez,a,field_547_a,gv,a,field_59_a,entityId,The entity ID.
ez,b,field_546_b,gv,b,field_58_b,type,The type of mob.
ez,c,field_552_c,gv,c,field_64_c,xPosition,The X position of the entity.
ez,d,field_551_d,gv,d,field_63_d,yPosition,The Y position of the entity.
ez,e,field_550_e,gv,e,field_62_e,zPosition,The Z position of the entity.
ez,f,field_549_f,gv,f,field_61_f,yaw,The yaw of the entity.
ez,g,field_548_g,gv,g,field_60_g,pitch,The pitch of the entity.
f,a,field_1097_a,l,a,field_739_a,floatValue,The float value for the tag.
fa,a,field_1596_a,*,*,*,linux,Used in ad to determine OS
fa,b,field_1595_b,*,*,*,solaris,Used in ad to determine OS
fa,c,field_1600_c,*,*,*,windows,Used in ad to determine OS
fa,d,field_1599_d,*,*,*,macos,Used in ad to determine OS
fa,e,field_1598_e,*,*,*,unknown,Used in ad to determine OS
fg,a,field_542_a,hd,a,field_54_a,xPosition,Block X position.
fg,b,field_541_b,hd,b,field_53_b,yPosition,Block Y position.
fg,c,field_545_c,hd,c,field_57_c,zPosition,Block Z position.
fg,d,field_544_d,hd,d,field_56_d,face,Punched face of the block.
fg,e,field_543_e,hd,e,field_55_e,status,"Status of the digging (started, ongoing, broken)."
fi,a,field_1590_a,hf,a,field_835_a,slots,An array of HashEntries representing the heads of hash slot lists
fi,b,field_1589_b,hf,b,field_834_b,count,The number of items stored in this map
fi,c,field_1593_c,hf,c,field_838_c,threshold,The grow threshold 
fi,d,field_1592_d,hf,d,field_837_d,growFactor, The scale factor used to determine when to grow the table
fi,e,field_1591_e,hf,e,field_836_e,versionStamp, A serial stamp used to mark changes
fk,a,field_935_a,*,*,*,width,The width of this control.
fk,b,field_934_b,*,*,*,height,The height of this control.
fk,c,field_941_c,*,*,*,xPosition,The x position of this control.
fk,d,field_940_d,*,*,*,yPosition,The y position of this control.
fk,e,field_939_e,*,*,*,displayString,The string displayed on this control.
fk,f,field_938_f,*,*,*,id,ID for this control.
fk,g,field_937_g,*,*,*,enabled,"True if this control is enabled, false to disable."
fk,h,field_936_h,*,*,*,enabled2,This is always true. Doesn't do anything currently but looks like it could be for enabling/disabling a control in the future.
fl,a,field_1588_a,bp,a,field_1031_a,mc,A reference to the Minecraft object.
fm,a,field_185_a,*,*,*,mainFrame,Reference to the main frame.
fn,a,field_471_a,hp,a,field_39_a,packetIdToClassMap,Maps packet id to packet class
fn,b,field_470_b,hp,b,field_38_b,packetClassToIdMap,Maps packet class to packet id
fn,j,field_472_j,hp,j,field_40_j,isChunkDataPacket,"Only true for Packet51MapChunk, Packet52MultiBlockChange, Packet53BlockChange and Packet59ComplexEntity. Used to separate them into a different send queue."
fp,a,field_1587_a,*,*,*,mc,A reference to the Minecraft object.
fp,b,field_1586_b,*,*,*,mcThread,A reference to the Minecraft main thread.
fr,a,field_1584_a,*,*,*,musicVolume
fr,A,field_1568_A,*,*,*,optionsFile
fr,b,field_1583_b,*,*,*,soundVolume
fr,c,field_1582_c,*,*,*,mouseSensitivity
fr,d,field_1581_d,*,*,*,invertMouse
fr,e,field_1580_e,*,*,*,renderDistance
fr,f,field_1579_f,*,*,*,viewBobbing
fr,g,field_1578_g,*,*,*,anaglyph
fr,h,field_1577_h,*,*,*,limitFramerate
fr,i,field_1576_i,*,*,*,fancyGraphics
fr,j,field_1575_j,*,*,*,keyBindForward
fr,k,field_1574_k,*,*,*,keyBindLeft
fr,l,field_1573_l,*,*,*,keyBindBack
fr,m,field_1572_m,*,*,*,keyBindRight
fr,n,field_1571_n,*,*,*,keyBindJump
fr,o,field_1570_o,*,*,*,keyBindInventory
fr,p,field_1569_p,*,*,*,keyBindDrop
fr,q,field_1567_q,*,*,*,keyBindChat
fr,r,field_1566_r,*,*,*,keyBindToggleFog
fr,s,field_1565_s,*,*,*,keyBindSneak
fr,t,field_1564_t,*,*,*,keyBindings
fr,u,field_1563_u,*,*,*,mc
fr,v,field_1562_v,*,*,*,numberOfOptions,I believe this is used to correctly line up the buttons in the menu.
fr,w,field_1561_w,*,*,*,difficulty
fr,x,field_1560_x,*,*,*,thirdPersonView
fr,y,field_1559_y,*,*,*,RENDER_DISTANCES,Constant containing an array of the possible view distances.
fr,z,field_1558_z,*,*,*,DIFFICULTY_LEVELS,Constant containing an array of the possible difficulty levels.
ft,f,field_894_f,hv,f,field_720_f,chunks,An array of 1024 chunks.
ft,g,field_893_g,hv,g,field_719_g,worldObj,Reference to the World object.
fx,a,field_1556_a,if,a,field_744_a,pathPoints,Contains the points in this path
fx,b,field_1555_b,if,b,field_743_b,count,The number of points in this path
fz,f,field_1549_f,*,*,*,worldObj,Reference to the World object.
g,a,field_186_a,*,*,*,mainFrame,"Reference to the main frame, in this case, the applet window itself."
ga,b,field_1539_b,im,b,field_693_b,blocks,Byte array of blocks for the chunk.
ga,d,field_1537_d,im,d,field_691_d,worldObj,Reference to the World object.
ga,e,field_1536_e,im,e,field_690_e,data,Chunk data
ga,f,field_1535_f,im,f,field_689_f,skylightMap,Light map for sky. See class le (client) or eo (server).
ga,g,field_1534_g,im,g,field_688_g,blocklightMap,Light map for blocks. See class le (client) or eo (server).
ga,h,field_1533_h,im,h,field_687_h,heightMap,Byte array containing height map for the chunk.
ga,j,field_1531_j,im,j,field_685_j,xPos,The x coordinate of the chunk.
ga,k,field_1530_k,im,k,field_684_k,zPos,The z coordinate of the chunk.
ga,n,field_1527_n,im,n,field_681_n,isTerrainPopulated,Boolean value indicating if the terrain is populated.
ga,o,field_1526_o,im,o,field_680_o,isModified,Set to true if the chunk has been modified and needs to be updated internally.
gb,a,field_1337_a,iq,a,field_526_a,air
gb,b,field_1336_b,iq,b,field_525_b,ground
gb,c,field_1335_c,iq,c,field_524_c,wood
gb,d,field_1334_d,iq,d,field_523_d,rock
gb,e,field_1333_e,iq,e,field_522_e,iron
gb,f,field_1332_f,iq,f,field_521_f,water
gb,g,field_1331_g,iq,g,field_520_g,lava
gb,h,field_1330_h,iq,h,field_519_h,leaves
gb,i,field_1329_i,iq,i,field_518_i,plants
gb,j,field_1328_j,iq,j,field_517_j,sponge
gb,k,field_1327_k,iq,k,field_516_k,cloth
gb,l,field_1326_l,iq,l,field_515_l,fire
gb,m,field_1325_m,iq,m,field_514_m,sand
gb,n,field_1324_n,iq,n,field_513_n,circuits
gb,o,field_1323_o,iq,o,field_512_o,glass
gb,p,field_1322_p,iq,p,field_511_p,tnt
gb,q,field_1321_q,iq,q,field_510_q,unused
gb,r,field_1320_r,iq,r,field_509_r,ice
gb,s,field_1319_s,iq,s,field_508_s,snow
gb,t,field_1318_t,iq,t,field_507_t,builtSnow
gb,u,field_1317_u,iq,u,field_506_u,cactus
gb,v,field_1316_v,iq,v,field_505_v,clay
gb,w,field_1315_w,iq,w,field_504_w,canBurn,Bool defining if the block can burn or not.
gc,a,field_968_a,*,*,*,updateCounter,Counts the number of screen updates. Used to make the caret flash.
gc,h,field_970_h,*,*,*,parentScreen,A reference to the screen object that created this. Used for navigating between screens.
gc,i,field_969_i,*,*,*,serverAddress,Server address.
ge,u,field_728_u,is,aC,field_373_aC,texture,The file path to the texture of this EntityLiving.
ge,E,field_717_E,is,aM,field_363_aM,health,"The current health of this EntityLiving. (For example, the health of a pig)"
ge,G,field_715_G,is,aO,field_361_aO,hurtTime,The amount of time remaining this entity should act 'hurt'. (Visual appearance of red tint)
ge,J,field_712_J,is,aR,field_358_aR,deathTime,"The amount of time remaining this entity should act 'dead', i.e. have a corpse in the world."
ge,K,field_711_K,is,aS,field_357_aS,attackTime,"The amount of time remaining this entity is in an attack animation. Default for monsters appears to be 20, but skeletons take 30 to shoot arrows."
gn,a,field_1095_a,d,a,field_740_a,longValue,The long value for the tag.
go,a,field_1520_a,*,*,*,description,A description of the error that has occurred.
go,b,field_1519_b,*,*,*,exception,The Throwable object that was thrown.
gp,a,field_534_a,c,a,field_143_a,entityId,"The entity ID, in this case it's the player ID."
gp,b,field_533_b,c,b,field_142_b,name,The player's name.
gp,c,field_540_c,c,c,field_149_c,xPosition,The player's X position.
gp,d,field_539_d,c,d,field_148_d,yPosition,The player's Y position.
gp,e,field_538_e,c,e,field_147_e,zPosition,The player's Z position.
gp,f,field_537_f,c,f,field_146_f,rotation,The player's rotation.
gp,g,field_536_g,c,g,field_145_g,pitch,The player's pitch.
gp,h,field_535_h,c,h,field_144_h,currentItem,The current item the player is holding.
gr,b,field_1003_b,*,*,*,mc,A reference to the Minecraft object.
gt,a,field_532_a,e,a,field_141_a,username,The username of the player attempting to connect.
gu,a,field_840_a,*,*,*,stackList,List of the stacks in the crafting matrix.
gu,b,field_839_b,*,*,*,nbrSlots,Number of crafting slots.
gu,c,field_841_c,*,*,*,eventHandler,Class containing the callbacks for the events on_GUIClosed and on_CraftMaxtrixChanged.
gy,b,field_1208_b,*,*,*,rand,RNG.
gy,c,field_1214_c,*,*,*,disconnected,True if kicked or disconnected from the server.
gy,d,field_1213_d,*,*,*,netManager,Reference to the NetworkManager object.
gy,e,field_1212_e,*,*,*,mc,Reference to the Minecraft object.
h,a,field_1696_a,*,*,*,mcApplet,Reference to the MinecraftApplet object.
ha,a,field_531_a,k,a,field_129_a,entityId,Unique entity ID.
ha,b,field_530_b,k,b,field_128_b,xPosition,The item X position.
ha,c,field_529_c,k,c,field_127_c,yPosition,The item Y position.
ha,d,field_528_d,k,d,field_126_d,zPosition,The item Z position.
ha,e,field_527_e,k,e,field_125_e,rotation,The item rotation.
ha,f,field_526_f,k,f,field_124_f,pitch,The item pitch.
ha,g,field_525_g,k,g,field_123_g,roll,The item roll.
ha,h,field_524_h,k,h,field_122_h,itemId,The item ID.
ha,i,field_523_i,k,i,field_121_i,count,The number of items.
hf,a,field_522_a,o,a,field_120_a,entityId,"The entity ID, in this case it's the player ID."
hf,b,field_521_b,o,b,field_119_b,animate
hi,a,field_462_a,p,a,field_661_a,graphicsLevel,"Used to determine how to display leaves based on the graphics level. May also be used in rendering for transparency, not sure."
hk,a,field_1514_a,*,*,*,buffer
hk,b,field_1513_b,*,*,*,codec
hk,c,field_1516_c,*,*,*,hash
hk,d,field_1515_d,*,*,*,inputStream
hm,a,field_1094_a,s,a,field_738_a,tagMap,"The key-value pairs for the tag. Each key is a UTF string, each value is a tag."
hp,a,field_519_a,z,a,field_114_a,protocolVersion,The protocol version in use. Current version is 2.
hp,b,field_518_b,z,b,field_113_b,username,The name of the user attempting to login.
hp,c,field_520_c,z,c,field_115_c,password,Used to login to password-protected servers.
hq,a,field_1065_a,*,*,*,mc,A reference to the Minecraft object.
hs,a,field_837_a,ah,a,field_502_a,name,Name of the chest.
hs,b,field_836_b,ah,b,field_501_b,upperChest,Inventory object corresponding to double chest upper part
hs,c,field_838_c,ah,c,field_503_c,lowerChest,Inventory object corresponding to double chest lower part
ic,a,field_820_a,as,e,field_481_e,nameToClassMap,A HashMap storing string names of classes mapping to the actual java.lang.Class type.
ic,b,field_819_b,as,f,field_480_f,classToNameMap,A HashMap storing the classes and mapping to the string names (reverse of nameToClassMap).
ic,e,field_824_e,as,a,field_479_a,worldObj,The reference to the world.
ic,f,field_823_f,as,b,field_478_b,x,The x coordinate of the tile entity.
ic,g,field_822_g,as,c,field_483_c,y,The y coordinate of the tile entity.
ic,h,field_821_h,as,d,field_482_d,z,The z coordinate of the tile entity.
ie,a,field_966_a,*,*,*,updateCounter2,"Also counts the number of updates, not certain as to why yet."
ie,h,field_967_h,*,*,*,updateCounter,Counts the number of screen updates.
ih,a,field_1480_a,*,*,*,linux
ih,b,field_1479_b,*,*,*,solaris
ih,c,field_1484_c,*,*,*,windows
ih,d,field_1483_d,*,*,*,macos
ih,e,field_1482_e,*,*,*,unknown
ii,a,field_1478_a,bb,a,field_1053_a,threadSyncObject,Synchronization object used for read and write threads.
ii,b,field_1477_b,bb,b,field_1052_b,numReadThreads,The number of read threads spawned. Not really used on client side.
ii,c,field_1476_c,bb,c,field_1051_c,numWriteThreads,The number of write threads spawned. Not really used on client side.
ii,d,field_1475_d,bb,d,field_1050_d,sendQueueLock,The object used for synchronization on the send queue.
ii,e,field_1474_e,bb,e,field_1049_e,networkSocket,The socket used by this network manager.
ii,f,field_1473_f,bb,f,field_1048_f,socketInputStream,The input stream connected to the socket.
ii,g,field_1472_g,bb,g,field_1047_g,socketOutputStream,The output stream connected to the socket.
ii,h,field_1471_h,bb,h,field_1046_h,isRunning,Whether the network is currently operational.
ii,i,field_1470_i,bb,i,field_1045_i,readPackets,Linked list of packets that have been read and are awaiting processing.
ii,j,field_1469_j,bb,j,field_1044_j,dataPackets,Linked list of packets awaiting sending.
ii,k,field_1468_k,bb,k,field_1043_k,chunkDataPackets,Linked list of packets with chunk data that are awaiting sending.
ii,l,field_1467_l,bb,l,field_1042_l,netHandler,A reference to the NetHandler object.
ii,m,field_1466_m,bb,m,field_1041_m,isServerTerminating,"Whether this server is currently terminating. If this is a client, this is always false."
ii,n,field_1465_n,bb,n,field_1040_n,writeThread,The thread used for writing.
ii,o,field_1464_o,bb,o,field_1039_o,readThread,The thread used for reading.
ii,p,field_1463_p,bb,p,field_1038_p,isTerminating,Whether this network manager is currently terminating (and should ignore further errors).
ii,q,field_1462_q,bb,q,field_1037_q,terminationReason,A String indicating why the network has shutdown.
ii,r,field_1461_r,bb,r,field_1036_r,timeSinceLastRead,Counter used to detect read timeouts after 1200 failed attempts to read a packet.
ii,s,field_1460_s,bb,s,field_1035_s,sendQueueByteLength,The length in bytes of the packets in both send queues (data and chunkData).
ii,t,field_1459_t,bb,t,field_1034_t,chunkDataSendCounter,Counter used to prevent us from sending too many chunk data packets one after another. The delay appears to be set to 50.
ij,a,field_517_a,ba,a,field_150_a,message,The message being sent.
io,a,field_1093_a,bf,a,field_742_a,intValue,The integer value for the tag.
ip,j,field_1401_j,*,*,*,corners,An array containing the 8 corners of the cube.
ip,k,field_1400_k,*,*,*,faces,An array containing the 6 faces of the cube.
iq,h,field_1388_h,*,*,*,mc,A reference to the Minecraft object.
it,a,field_1371_a,*,*,*,keyDescription
it,b,field_1370_b,*,*,*,keyCode
iv,a,field_965_a,*,*,*,updateCounter,Counts the number of screen updates. Not used.
ix,a,field_1092_a,bo,a,field_741_a,byteValue,The byte value for the tag.
iy,a,field_1368_a,*,*,*,scaleFactor
iy,b,field_1367_b,*,*,*,scaledWidth
iy,c,field_1369_c,*,*,*,scaledHeight
iz,b,field_463_b,br,b,field_662_b,baseIndexInPNG,The base index in terrain.png corresponding to the fancy version of the leaf texture. This is stored so we can switch the displayed version between fancy and fast graphics (fast is this index + 1).
ja,a,field_961_a,*,*,*,parentScreen,A reference to the screen object that created this. Used for navigating between screens.
ja,h,field_964_h,*,*,*,message1,First line of text.
ja,i,field_963_i,*,*,*,message2,Second line of text.
ja,j,field_962_j,*,*,*,worldNumber,World number to be deleted.
jh,a,field_1356_a,*,*,*,mc,A reference to the Minecraft object.
ji,a,field_515_a,cb,a,field_139_a,xPosition,X coordinate of spawn.
ji,b,field_514_b,cb,b,field_138_b,yPosition,Y coordinate of spawn.
ji,c,field_516_c,cb,c,field_140_c,zPosition,Z coordinate of spawn.
jj,b,field_1347_b,*,*,*,worldObj,Reference to the World object.
jl,a,field_509_a,cf,a,field_131_a,entityId,ID of the entity.
jl,b,field_508_b,cf,b,field_130_b,xPosition,X position of the entity.
jl,c,field_513_c,cf,c,field_135_c,yPosition,Y position of the entity.
jl,d,field_512_d,cf,d,field_134_d,zPosition,Z position of the entity.
jl,e,field_511_e,cf,e,field_133_e,yaw,Yaw of the entity.
jl,f,field_510_f,cf,f,field_132_f,pitch,Pitch of the entity.
jq,a,field_958_a,*,*,*,parentScreen,A reference to the screen object that created this. Used for navigating between screens.
jq,h,field_960_h,*,*,*,screenTitle,The title string that is displayed in the top-center of the screen.
jq,i,field_959_i,*,*,*,selected,True if a world has been selected.
ju,a,field_507_a,ct,a,field_116_a,entityId,ID of the entity to be destroyed on the client.
k,a,field_1686_a,hu,a,field_773_a,unused,Not used in the current implementation
ka,a,field_505_a,da,a,field_103_a,xPosition,The X position of the chunk.
ka,b,field_504_b,da,b,field_102_b,yPosition,The Y position of the chunk.
ka,c,field_506_c,da,c,field_104_c,mode,If mode is true (1) the client will initialise the chunk. If it is false (0) the client will unload the chunk.
kc,d,field_1313_d,*,*,*,mainMenu,A reference to the GuiMainMenu.
kd,d,field_1309_d,*,*,*,buffer
kg,a,field_688_a,di,a,field_442_a,arrowShake,Seems to be some sort of timer for animating an arrow.
kg,b,field_687_b,di,b,field_440_b,xTile,The x coordinate of the tile where the arrow is.
kg,c,field_686_c,di,ad,field_445_ad,yTile,The y coordinate of the tile where the arrow is.
kg,d,field_685_d,di,ae,field_444_ae,zTile,The z coordinate of the tile where the arrow is.
kg,e,field_684_e,di,af,field_443_af,inTile,The block type where the arrow is.
kg,f,field_683_f,di,ag,field_441_ag,inGround,"Whether the arrow is in the ground or not. Stored in NBT as a byte, but a boolean in Java."
kh,aQ,field_630_aQ,dj,R,field_284_R,rand,RNG.
kh,aH,field_639_aH,dj,I,field_293_I,fallDistance
kh,ag,field_615_ag,dj,h,field_326_h,worldObj,Reference to the World object.
kh,ak,field_611_ak,dj,l,field_322_l,posX,Entity position X
kh,al,field_610_al,dj,m,field_321_m,posY,Entity position Y
kh,am,field_609_am,dj,n,field_320_n,posZ,Entity position Z
kh,an,field_608_an,dj,o,field_319_o,motionX,Entity motion X
kh,ao,field_607_ao,dj,p,field_318_p,motionY,Entity motion Y
kh,ap,field_606_ap,dj,q,field_317_q,motionZ,Entity motion Z
kh,aq,field_605_aq,dj,r,field_316_r,rotationYaw,Entity rotation Yaw
kh,ar,field_604_ar,dj,s,field_315_s,rotationPitch,Entity rotation Pitch
kh,aT,field_627_aT,dj,U,field_281_U,fire
kh,au,field_601_au,dj,v,field_312_v,boundingBox,Axis aligned bounding box.
kh,av,field_600_av,dj,w,field_311_w,onGround
kh,aX,field_623_aX,dj,Y,field_277_Y,air
ki,a,field_1091_a,dm,a,field_737_a,tagList,The array list containing the tags encapsulated in this list.
ki,b,field_1090_b,dm,b,field_736_b,tagType,The type byte for the tags in the list - they must all be of the same type.
kj,a,field_500_a,dl,a,field_98_a,entityId,Entity ID of the object.
kj,b,field_499_b,dl,b,field_97_b,xPosition,The X position of the object.
kj,c,field_503_c,dl,c,field_101_c,yPosition,The Y position of the object.
kj,d,field_502_d,dl,d,field_100_d,zPosition,The Z position of the object.
kj,e,field_501_e,dl,e,field_99_e,type,The type of object.
ko,a,field_1297_a,*,*,*,message,The chat message.
ko,b,field_1296_b,*,*,*,updateCounter,Counts the number of screen updates.
kr,a,field_1089_a,dt,a,field_735_a,doubleValue,The double value for the tag.
kx,g,field_1227_g,*,*,*,worldObj,Reference to the World object.
kx,k,field_1223_k,*,*,*,options,Reference to the GameSettings object.
kx,o,field_1219_o,*,*,*,entityRenderMap,A map of entity classes and the associated renderer.
kz,a,field_1216_a,*,*,*,location,The URL of the image to download.
kz,b,field_1215_b,*,*,*,buffer,The image buffer to use.
kz,c,field_1217_c,*,*,*,imageData,The image data.
ld,a,field_497_a,en,a,field_95_a,id,The item/block ID.
ld,b,field_496_b,en,b,field_94_b,count,How many to add to the inventory.
ld,c,field_498_c,en,c,field_96_c,durability,"The durability of the item, not to be used with blocks."
lg,a,field_316_a,er,a,field_261_a,recordName,The name of the record.
li,a,field_492_a,et,a,field_90_a,xPosition,Block X position.
li,b,field_491_b,et,b,field_89_b,yPosition,Block Y position.
li,c,field_495_c,et,c,field_93_c,zPosition,Block Z position.
li,d,field_494_d,et,d,field_92_d,type,The new block type for the block.
li,e,field_493_e,et,e,field_91_e,metadata,Metadata of the block.
lo,l,field_976_l,*,*,*,xSize_lo,"x size of the inventory window in pixels. Defined as float, passed as int"
lo,m,field_975_m,*,*,*,ySize_lo,"y size of the inventory window in pixels. Defined as float, passed as int."
lq,a,field_485_a,ex,a,field_83_a,entityId,The ID of this entity.
lq,b,field_484_b,ex,b,field_82_b,xPosition,The X axis relative movement.
lq,c,field_490_c,ex,c,field_88_c,yPosition,The Y axis relative movement.
lq,d,field_489_d,ex,d,field_87_d,zPosition,The Z axis relative movement.
lq,e,field_488_e,ex,e,field_86_e,yaw,The X axis rotation.
lq,f,field_487_f,ex,f,field_85_f,pitch,The Y axis rotation.
lq,g,field_486_g,ex,g,field_84_g,rotating,Boolean set to true if the entity is rotating.
ls,a,field_1088_a,fb,a,field_734_a,shortValue,The short value for the tag.
lu,e,field_929_e,*,*,*,chatMessageList,A list with all the chat messages in.
lu,f,field_928_f,*,*,*,rand,RNG.
lu,g,field_927_g,*,*,*,mc,Reference to the Minecraft object.
lu,h,field_926_h,*,*,*,updateCounter,Counts the number of screen updates.
lw,a,field_954_a,*,*,*,screenTitle,The title string that is displayed in the top-center of the screen.
lw,h,field_957_h,*,*,*,parentScreen,A reference to the screen object that created this. Used for navigating between screens.
lw,i,field_956_i,*,*,*,options,Reference to the GameSettings object.
lw,j,field_955_j,*,*,*,buttonId,The ID of the  button that has been pressed.
ly,A,field_403_A,ff,A,field_600_A,bedrock
ly,aA,field_447_aA,ff,aA,field_644_aA,crops
ly,aB,field_446_aB,ff,aB,field_643_aB,tilledField
ly,aC,field_445_aC,ff,aC,field_642_aC,stoneOvenIdle
ly,ac,field_419_ac,ff,ac,field_616_ac,cloth
ly,aD,field_444_aD,ff,aD,field_641_aD,stoneOvenActive
ly,ae,field_417_ae,ff,ae,field_614_ae,plantYellow,Was dandelion
ly,aE,field_443_aE,ff,aE,field_640_aE,pressurePlateWoodActive
ly,af,field_416_af,ff,af,field_613_af,plantRed,Was rose
ly,aF,field_442_aF,ff,aF,field_639_aF,doorWood
ly,ag,field_415_ag,ff,ag,field_612_ag,mushroomBrown,Was mushroomKingBolete
ly,aG,field_441_aG,ff,aG,field_638_aG,ladder
ly,ah,field_414_ah,ff,ah,field_611_ah,mushroomRed,Was mushroomFlyAgaric
ly,aH,field_440_aH,ff,aH,field_637_aH,minecartTrack
ly,ai,field_413_ai,ff,ai,field_610_ai,blockGold
ly,aI,field_439_aI,ff,aI,field_636_aI,stairCompactStone
ly,aj,field_412_aj,ff,aj,field_609_aj,blockSteel
ly,aJ,field_438_aJ,ff,aJ,field_635_aJ,pressurePlateWoodIdle
ly,ak,field_411_ak,ff,ak,field_608_ak,stairDouble
ly,aK,field_437_aK,ff,aK,field_634_aK,lever
ly,al,field_410_al,ff,al,field_607_al,stairSingle
ly,aL,field_436_aL,ff,aL,field_633_aL,pressurePlateStone
ly,am,field_409_am,ff,am,field_606_am,brick
ly,aM,field_435_aM,ff,aM,field_632_aM,doorSteel
ly,an,field_408_an,ff,an,field_605_an,tnt
ly,aN,field_434_aN,ff,aN,field_631_aN,pressurePlateWood
ly,ao,field_407_ao,ff,ao,field_604_ao,bookShelf
ly,aO,field_433_aO,ff,aO,field_630_aO,oreRedstone
ly,ap,field_406_ap,ff,ap,field_603_ap,cobblestoneMossy
ly,aP,field_432_aP,ff,aP,field_629_aP,oreRedstoneGlowing
ly,aq,field_405_aq,ff,aq,field_602_aq,obsidian
ly,aQ,field_431_aQ,ff,aQ,field_628_aQ,torchRedstoneIdle
ly,ar,field_404_ar,ff,ar,field_601_ar,torchWood
ly,aR,field_430_aR,ff,aR,field_627_aR,torchRedstoneActive
ly,as,field_402_as,ff,as,field_599_as,fire
ly,aS,field_429_aS,ff,aS,field_626_aS,button
ly,at,field_400_at,ff,at,field_597_at,mobSpawner
ly,aT,field_428_aT,ff,aT,field_625_aT,snow
ly,au,field_398_au,ff,au,field_595_au,stairCompactWood
ly,aU,field_427_aU,ff,aU,field_624_aU,ice
ly,av,field_396_av,ff,av,field_593_av,crate
ly,aV,field_426_aV,ff,aV,field_623_aV,blockSnow
ly,aw,field_394_aw,ff,aw,field_591_aw,redstoneWire
ly,aW,field_425_aW,ff,aW,field_622_aW,cactus
ly,ax,field_391_ax,ff,ax,field_588_ax,oreDiamond
ly,aX,field_424_aX,ff,aX,field_621_aX,blockClay
ly,ay,field_389_ay,ff,ay,field_586_ay,blockDiamond
ly,aY,field_423_aY,ff,aY,field_620_aY,reed
ly,az,field_387_az,ff,az,field_584_az,workbench
ly,aZ,field_422_aZ,ff,aZ,field_619_aZ,jukebox
ly,B,field_401_B,ff,B,field_598_B,waterStill
ly,ba,field_380_ba,ff,ba,field_577_ba,fence
ly,bb,field_378_bb,ff,bb,field_575_bb,blockIndexInTexture,"The index of the texture to be displayed for this block. May vary based on graphics settings. Mostly seems to come from terrain.png, and the index is 0-based (grass is 0)."
ly,bc,field_376_bc,ff,bc,field_573_bc,blockID,ID of the block.
ly,be,field_372_be,ff,be,field_569_be,blockHardness,Indicates how many hits with which tool it takes to break a block.
ly,bl,field_358_bl,ff,bl,field_555_bl,stepSound,Sound of stepping on the block
ly,bn,field_356_bn,ff,bn,field_553_bn,blockMaterial,Block material definition.
ly,C,field_399_C,ff,C,field_596_C,waterMoving
ly,D,field_397_D,ff,D,field_594_D,lavaStill
ly,e,field_354_e,ff,e,field_551_e,soundPowderFootstep
ly,E,field_395_E,ff,E,field_592_E,lavaMoving
ly,f,field_353_f,ff,f,field_550_f,soundWoodFootstep
ly,F,field_393_F,ff,F,field_590_F,sand
ly,g,field_352_g,ff,g,field_549_g,soundGravelFootstep
ly,G,field_392_G,ff,G,field_589_G,gravel
ly,h,field_351_h,ff,h,field_548_h,soundGrassFootstep
ly,H,field_390_H,ff,H,field_587_H,oreGold
ly,i,field_350_i,ff,i,field_547_i,soundStoneFootstep
ly,I,field_388_I,ff,I,field_585_I,oreIron
ly,j,field_349_j,ff,j,field_546_j,soundMetalFootstep
ly,J,field_386_J,ff,J,field_583_J,oreCoal
ly,k,field_348_k,ff,k,field_545_k,soundGlassFootstep
ly,K,field_385_K,ff,K,field_582_K,wood
ly,l,field_347_l,ff,l,field_544_l,soundClothFootstep
ly,L,field_384_L,ff,L,field_581_L,leaves
ly,m,field_346_m,ff,m,field_543_m,soundSandFootstep
ly,M,field_383_M,ff,M,field_580_M,sponge
ly,n,field_345_n,ff,n,field_542_n,allBlocks
ly,n,field_345_n,ff,n,field_542_n,blocksList,List of ly/ff (BlockType) containing the already registered blocks.
ly,N,field_382_N,ff,N,field_579_N,glass
ly,u,field_338_u,ff,u,field_535_u,stone
ly,v,field_337_v,ff,v,field_534_v,grass
ly,w,field_336_w,ff,w,field_533_w,dirt
ly,x,field_335_x,ff,x,field_532_x,cobblestone
ly,y,field_334_y,ff,y,field_531_y,planks
ly,z,field_333_z,ff,z,field_530_z,sapling
lz,d,field_888_d,*,*,*,worldObj,Reference to the World object.
m,a,field_571_a,r,a,field_118_a,type,The type of inventory being sent. -1 for main inventory. -2 for equipped armour. -3 for crafting slots.
m,b,field_570_b,r,b,field_117_b,stacks,Array of item stacks.
mk,b,field_1159_b,gd,b,field_887_b,worldObj,Reference to the World object.
mm,c,field_1122_c,*,*,*,guiHandler,Instance of ee used to handle all gui interactions.
mm,e,field_1121_e,*,*,*,xPos,Left border of the slot in pixel from the left border of the window.
mm,f,field_1120_f,*,*,*,yPos,Upper border of the slot in pixel from the upper border of the window.
mn,a,field_952_a,*,*,*,clientHandler,A reference to the NetClientHandler.
mn,h,field_953_h,*,*,*,cancelled,True if the connection attempt has been cancelled.
mo,i,field_944_i,*,*,*,value,The value of this slider control.
mo,j,field_943_j,*,*,*,dragging,Is this slider control being dragged.
mo,l,field_942_l,*,*,*,idFloat,Additional ID for this slider control.
mu,a,field_1109_a,gt,a,field_844_a,data,Byte array of data stored in this holder. Possibly a light map or some chunk data. Data is accessed in 4-bit pieces.
mv,a,field_759_a,gu,a,field_397_a,rideable,"Set to true if this pig has a saddle, false otherwise."
mw,a,field_818_a,*,*,*,stackResult,A list of one item containing the result of the crafting formula
mx,a,field_1106_a,*,*,*,hash,The hash code of this entry
mx,b,field_1105_b,*,*,*,value,The object stored in this entry
mx,c,field_1108_c,*,*,*,next,The next entry in this slot
mx,d,field_1107_d,*,*,*,slotHash,The id of the hash slot computed from the hash
mz,i,field_754_i,*,*,*,timeUntilNextEgg,The time until the next egg is spawned.
n,a,field_1620_a,*,*,*,craftMatrix,The crafting matrix inventory.
n,b,field_1619_b,*,*,*,craftResult,The crafting result.
na,a,field_479_a,hh,a,field_48_a,xPosition,Chunk X position.
na,b,field_478_b,hh,b,field_47_b,zPosition,Chunk Z position.
na,c,field_483_c,hh,c,field_52_c,coordinateArray,The coordinates of the blocks to change.
na,d,field_482_d,hh,d,field_51_d,typeArray,The type for each block change.
na,e,field_481_e,hh,e,field_50_e,metadataArray,The metadata for each block changed.
na,f,field_480_f,hh,f,field_49_f,size,The size of the arrays.
nc,a,field_1102_a,*,*,*,mc,A reference to the Minecraft object.
nc,b,field_1101_b,*,*,*,hostName,A reference to the Minecraft object.
nc,c,field_1104_c,*,*,*,port,A reference to the Minecraft object.
nc,d,field_1103_d,*,*,*,connectingGui,A reference to the GuiConnecting object.
ne,a,field_1098_a,hj,a,field_732_a,stringValue,The string value for the tag (cannot be empty).
net/minecraft/client/Minecraft,a,field_184_a,*,*,*,fullscreenMode,"Set to true if fullscreen mode is active, false otherwise."
net/minecraft/client/Minecraft,c,field_182_c,*,*,*,displayWidth
net/minecraft/client/Minecraft,d,field_181_d,*,*,*,displayHeight
net/minecraft/client/Minecraft,e,field_180_e,*,*,*,worldObj,Reference to the World object.
net/minecraft/client/Minecraft,k,field_174_k,*,*,*,mcCanvas,The canvas to which everything is rendered.
net/minecraft/client/Minecraft,J,field_149_J,*,*,*,enableRain,"If true it will be raining in the world (kind of, effect is not finished)"
net/minecraft/client/Minecraft,p,field_169_p,*,*,*,currentScreen,Reference to the current screen being displayed.
net/minecraft/client/Minecraft,y,field_160_y,*,*,*,options,Reference to the game options.
net/minecraft/client/Minecraft,W,field_136_W,*,*,*,dataFolder,"contains data folder (File) (normally ""%APPDATA%\.minecraft"")"
net/minecraft/client/Minecraft,A,field_158_A,*,*,*,sndManager,Sound manager instance
net/minecraft/client/Minecraft,z,field_159_z,*,*,*,mcApplet,Applet instance.
net/minecraft/client/Minecraft,B,field_157_B,*,*,*,mouseHelper,Mouse helper instance.
net/minecraft/client/Minecraft,F,field_153_F,*,*,*,running,Set to true to keep the game loop running. Set to false by shutdown() to allow the game loop to exit cleanly.
net/minecraft/client/Minecraft,N,field_145_N,*,*,*,downloadResourcesThread,Reference to the download resources thread.
net/minecraft/client/MinecraftApplet,a,field_132_a,*,*,*,mcCanvas,Reference to the applet canvas.
net/minecraft/client/MinecraftApplet,b,field_131_b,*,*,*,mc,Reference to the Minecraft object.
net/minecraft/client/MinecraftApplet,c,field_133_c,*,*,*,mcThread,Reference to the Minecraft main thread.
nh,a,field_1086_a,hl,a,field_829_a,netManager,Reference to the NetworkManager object.
ni,a,field_1085_a,hn,a,field_827_a,netManager,Reference to the NetworkManager object.
nk,a,field_1063_a,ho,a,field_826_a,netManager,Reference to the NetworkManager object.
nv,a,field_999_a,*,*,*,screenTitle,The title string that is displayed in the top-center of the screen.
nv,h,field_1002_h,*,*,*,entitySign,Reference to the sign object.
nv,i,field_1001_i,*,*,*,updateCounter,Counts the number of screen updates.
nv,j,field_1000_j,*,*,*,editLine,The number of the line that is being edited.
nw,p,field_907_p,hy,p,field_700_p,worldObj,Reference to the World object.
ny,a,field_474_a,ib,a,field_43_a,xPosition,Entity X position.
ny,b,field_473_b,ib,b,field_42_b,yPosition,Entity Y position.
ny,c,field_477_c,ib,c,field_46_c,zPosition,Entity Z position.
ny,d,field_476_d,ib,d,field_45_d,entityData,The entity data. This is a compressed (GZipped) NBT file.
ny,e,field_475_e,ib,e,field_44_e,entityNBT,An NBT representation of the entity.
ob,a,field_826_a,ig,e,field_485_e,signText,An array of four strings storing the lines of text on the sign.
ob,b,field_825_b,ig,f,field_484_f,lineBeingEdited,"The index of the line currently being edited. Only used on client side, but defined on both. Note this is only really used when the > < are going to be visible."
oc,d,field_861_d,ih,ae,field_476_ae,minecartType,"The type of minecart, 2 for powered, 1 for storage."
oc,e,field_860_e,ih,af,field_475_af,fuel,Minecart fuel amount.  (for powered minecarts)
oc,f,field_859_f,ih,ag,field_473_ag,pushX,Minecart push in x direction. (for powered minecarts)
oc,g,field_858_g,ih,ah,field_471_ah,pushZ,Minecart push in z direction.  (for powered minecarts)
oc,h,field_857_h,ih,ai,field_470_ai,cargoItems,Array of item stacks stored in minecart (for storage minecarts).
of,a,field_591_a,*,*,*,sndSystem,A reference to the sound system.
of,b,field_590_b,*,*,*,soundPoolSounds,Sound pool containing sounds.
of,c,field_589_c,*,*,*,soundPoolStreaming,Sound pool containing streaming audio.
of,d,field_588_d,*,*,*,soundPoolMusic,Sound pool containing music.
of,f,field_586_f,*,*,*,options,A reference to the game settings.
of,g,field_585_g,*,*,*,loaded,Set to true when the SoundManager has been initialised.
of,h,field_584_h,*,*,*,rand,RNG.
oh,a,field_582_a,io,a,field_41_a,reason,Displayed to the client when the connection terminates.
oj,a,field_332_a,ix,a,field_275_a,healAmount,The amount this food item heals the player.
v,a,field_1188_a,af,a,field_935_a,x
v,b,field_1187_b,af,b,field_934_b,y
v,c,field_1190_c,af,c,field_937_c,z
v,d,field_1189_d,af,d,field_936_d,permutations
*,*,*,bn,a,field_1032_a,mcServer,The minecraft server object.